모델,MSE,RMSE,MAE,R2,R2_%,학습데이터행수
RandomForestRegressor,18456.54505177271,135.85486760426625,75.88374168521383,0.9597671760524815,95.97671760524815,3276
